total_return,max_drawdown,sharpe,win_rate,trades,trade_signals,profit_factor
-0.010405642749649835,-0.12661154351363935,-0.014258015259914268,0.5268022181146026,541.0,541.0,0.9896669748196187
